{
    "final_train_accuracy": 0.9297334551811218,
    "final_val_accuracy": 0.8931358456611633,
    "test_accuracy": 0.895102322101593
}